<?xml version="1.0" encoding="UTF-8"?>
<jboss-deployment-structure>
    <deployment>
        <dependencies>
            <module name="org.keycloak.keycloak-core" export="true" />
            <module name="org.keycloak.keycloak-server-spi" export="true" />
            <module name="org.keycloak.keycloak-server-spi-private" export="true" />
            <module name="org.keycloak.keycloak-services" export="true" />
            <module name="org.jboss.logging" export="true" />
            <module name="org.bouncycastle" export="true" />
        </dependencies>
    </deployment>
</jboss-deployment-structure>